date,animal_id,lact_num,dim,yield_kg
2004-06-14,1,1,1,28.175
2004-06-15,1,1,2,22.062
2004-06-16,1,1,3,23.192
2004-06-17,1,1,4,16.893
2004-06-18,1,1,5,20.369
2004-06-19,1,1,6,33.431
2004-06-20,1,1,7,32.33
2004-06-21,1,1,8,26.322
2004-06-22,1,1,9,26.852
2004-06-23,1,1,10,17.04
2004-06-24,1,1,11,28.428
2004-06-25,1,1,12,30.473
2004-06-26,1,1,13,25.119
2004-06-27,1,1,14,35.974
2004-06-28,1,1,15,43.193
2004-06-29,1,1,16,34.621
2004-06-30,1,1,17,32.377
2004-07-01,1,1,18,33.51
2004-07-02,1,1,19,33.423
2004-07-03,1,1,20,33.806
2004-07-04,1,1,21,32.157
2004-07-05,1,1,22,34.09
2004-07-06,1,1,23,32.781
2004-07-07,1,1,24,34.038
2004-07-08,1,1,25,27.773
2004-07-09,1,1,26,35.64
2004-07-10,1,1,27,33.012
2004-07-11,1,1,28,35.712
2004-07-12,1,1,29,38.704
2004-07-13,1,1,30,41.423
2004-07-14,1,1,31,36.831
2004-07-15,1,1,32,35.171
2004-07-16,1,1,33,31.859
2004-07-17,1,1,34,31.789
2004-07-18,1,1,35,29.894
2004-07-19,1,1,36,35.702
2004-07-20,1,1,37,37.293
2004-07-21,1,1,38,43.664
2004-07-22,1,1,39,36.491
2004-07-23,1,1,40,32.297
2004-07-24,1,1,41,37.662
2004-07-25,1,1,42,30.32
2004-07-26,1,1,43,37.052
2004-07-27,1,1,44,35.608
2004-07-28,1,1,45,30.433
2004-07-29,1,1,46,32.487
2004-07-30,1,1,47,36.968
2004-07-31,1,1,48,35.433
2004-08-01,1,1,49,34.692
2004-08-02,1,1,50,39.505
2004-08-03,1,1,51,39.668
2004-08-04,1,1,52,37.64
2004-08-05,1,1,53,35.084
2004-08-06,1,1,54,36.82
2004-08-07,1,1,55,37.75
2004-08-08,1,1,56,32.325
2004-08-09,1,1,57,39.126
2004-08-10,1,1,58,35.793
2004-08-11,1,1,59,35.77
2004-08-12,1,1,60,36.248
2004-08-13,1,1,61,37.023
2004-08-14,1,1,62,38.524
2004-08-15,1,1,63,38.114
2004-08-16,1,1,64,36.283
2004-08-17,1,1,65,36.304
2004-08-18,1,1,66,34.621
2004-08-19,1,1,67,40.743
2004-08-20,1,1,68,36.891
2004-08-21,1,1,69,36.782
2004-08-22,1,1,70,34.074
2004-08-23,1,1,71,36.606
2004-08-24,1,1,72,35.92
2004-08-25,1,1,73,39.07
2004-08-26,1,1,74,37.048
2004-08-27,1,1,75,35.598
2004-08-28,1,1,76,34.786
2004-08-29,1,1,77,38.956
2004-08-30,1,1,78,39.669
2004-08-31,1,1,79,38.34
2004-09-01,1,1,80,40.558
2004-09-02,1,1,81,36.164
2004-09-03,1,1,82,35.456
2004-09-04,1,1,83,38.379
2004-09-05,1,1,84,37.89
2004-09-06,1,1,85,38.902
2004-09-07,1,1,86,36.907
2004-09-08,1,1,87,38.467
2004-09-09,1,1,88,40.226
2004-09-10,1,1,89,35.823
2004-09-11,1,1,90,38.02
2004-09-12,1,1,91,42.336
2004-09-13,1,1,92,39.915
2004-09-14,1,1,93,39.269
2004-09-15,1,1,94,38.083
2004-09-16,1,1,95,40.181
2004-09-17,1,1,96,39.462
2004-09-18,1,1,97,36.762
2004-09-19,1,1,98,40.157
2004-09-20,1,1,99,40.605
2004-09-21,1,1,100,38.701
2004-09-22,1,1,101,40.693
2004-09-23,1,1,102,38.909
2004-09-24,1,1,103,39.705
2004-09-25,1,1,104,39.452
2004-09-26,1,1,105,39.06
2004-09-27,1,1,106,36.509
2004-09-28,1,1,107,35.358
2004-09-29,1,1,108,36.255
2004-09-30,1,1,109,40.54
2004-10-01,1,1,110,36.853
2004-10-02,1,1,111,36.837
2004-10-03,1,1,112,41.635
2004-10-04,1,1,113,37.656
2004-10-05,1,1,114,36.305
2004-10-06,1,1,115,33.307
2004-10-07,1,1,116,31.869
2004-10-08,1,1,117,35.191
2004-10-09,1,1,118,33.134
2004-10-10,1,1,119,40.46
2004-10-11,1,1,120,35.817
2004-10-12,1,1,121,35.509
2004-10-13,1,1,122,39.362
2004-10-14,1,1,123,39.293
2004-10-15,1,1,124,39.108
2004-10-16,1,1,125,39.549
2004-10-17,1,1,126,39.176
2004-10-18,1,1,127,36.864
2004-10-19,1,1,128,34.703
2004-10-20,1,1,129,41.077
2004-10-21,1,1,130,38.243
2004-10-22,1,1,131,40.06
2004-10-23,1,1,132,37.005
2004-10-24,1,1,133,37.897
2004-10-25,1,1,134,41.201
2004-10-26,1,1,135,37.52
2004-10-27,1,1,136,38.03
2004-10-28,1,1,137,36.713
2004-10-29,1,1,138,38.417
2004-10-30,1,1,139,38.296
2004-10-31,1,1,140,35.655
2004-11-01,1,1,141,37.851
2004-11-02,1,1,142,38.969
2004-11-03,1,1,143,40.051
2004-11-04,1,1,144,41.425
2004-11-05,1,1,145,40.612
2004-11-06,1,1,146,40.417
2004-11-07,1,1,147,38.333
2004-11-08,1,1,148,40.895
2004-11-09,1,1,149,41.863
2004-11-10,1,1,150,41.734
2004-11-11,1,1,151,42.744
2004-11-12,1,1,152,39.267
2004-11-13,1,1,153,39.332
2004-11-14,1,1,154,42.224
2004-11-15,1,1,155,40.526
2004-11-16,1,1,156,41.947
2004-11-17,1,1,157,42.535
2004-11-18,1,1,158,40.629
2004-11-19,1,1,159,41.564
2004-11-20,1,1,160,37.866
2004-11-21,1,1,161,38.431
2004-11-22,1,1,162,38.464
2004-11-23,1,1,163,37.186
2004-11-24,1,1,164,38.247
2004-11-25,1,1,165,37.474
2004-11-26,1,1,166,40.967
2004-11-27,1,1,167,41.254
2004-11-28,1,1,168,41.407
2004-11-29,1,1,169,41.024
2004-11-30,1,1,170,45.715
2004-12-01,1,1,171,42.437
2004-12-02,1,1,172,42.546
2004-12-03,1,1,173,40.33
2004-12-04,1,1,174,42.5
2004-12-05,1,1,175,42.437
2004-12-06,1,1,176,41.418
2004-12-07,1,1,177,39.764
2004-12-08,1,1,178,39.548
2004-12-09,1,1,179,41.211
2004-12-10,1,1,180,41.553
2004-12-11,1,1,181,37.228
2004-12-12,1,1,182,39.837
2004-12-13,1,1,183,41.413
2004-12-14,1,1,184,40.289
2004-12-15,1,1,185,42.237
2004-12-16,1,1,186,41.471
2004-12-17,1,1,187,42.172
2004-12-18,1,1,188,41.127
2004-12-19,1,1,189,41.323
2004-12-20,1,1,190,42.007
2004-12-21,1,1,191,42.174
2004-12-22,1,1,192,42.969
2004-12-23,1,1,193,43.721
2004-12-24,1,1,194,42.224
2004-12-25,1,1,195,41.095
2004-12-26,1,1,196,42.737
2004-12-27,1,1,197,47.274
2004-12-28,1,1,198,42.155
2004-12-29,1,1,199,41.271
2004-12-30,1,1,200,43.363
2004-12-31,1,1,201,40.973
2005-01-01,1,1,202,39.827
2005-01-02,1,1,203,36.619
2005-01-03,1,1,204,15.997
2005-01-04,1,1,205,27.956
2005-01-05,1,1,206,28.037
2005-01-06,1,1,207,28.959
2005-01-07,1,1,208,31.122
2005-01-08,1,1,209,31.803
2005-01-09,1,1,210,33.078
2005-01-10,1,1,211,32.578
2005-01-11,1,1,212,34.117
2005-01-12,1,1,213,32.387
2005-01-13,1,1,214,34.068
2005-01-14,1,1,215,29.14
2005-01-15,1,1,216,30.197
2005-01-16,1,1,217,32.668
2005-01-17,1,1,218,33.038
2005-01-18,1,1,219,36.452
2005-01-19,1,1,220,36.68
2005-01-20,1,1,221,30.38
2005-01-21,1,1,222,32.667
2005-01-22,1,1,223,37.237
2005-01-23,1,1,224,38.204
2005-01-24,1,1,225,39.732
2005-01-25,1,1,226,41.12
2005-01-26,1,1,227,39.906
2005-01-27,1,1,228,40.29
2005-01-28,1,1,229,41.529
2005-01-29,1,1,230,39.129
2005-01-30,1,1,231,40.085
2005-01-31,1,1,232,39.614
2005-02-01,1,1,233,40.175
2005-02-02,1,1,234,40.057
2005-02-03,1,1,235,38.312
2005-02-04,1,1,236,38.626
2005-02-05,1,1,237,36.041
2005-02-06,1,1,238,38.968
2005-02-07,1,1,239,38.278
2005-02-08,1,1,240,39.41
2005-02-09,1,1,241,41.141
2005-02-10,1,1,242,37.41
2005-02-11,1,1,243,39.148
2005-02-12,1,1,244,39.98
2005-02-13,1,1,245,38.177
2005-02-14,1,1,246,38.99
2005-02-15,1,1,247,40.415
2005-02-16,1,1,248,38.361
2005-02-17,1,1,249,37.844
2005-02-18,1,1,250,41.358
2005-02-19,1,1,251,36.697
2005-02-20,1,1,252,35.934
2005-02-21,1,1,253,39.736
2005-02-22,1,1,254,39.808
2005-02-23,1,1,255,38.358
2005-02-24,1,1,256,38.23
2005-02-25,1,1,257,40.552
2005-02-26,1,1,258,42.206
2005-02-27,1,1,259,38.051
2005-02-28,1,1,260,39.576
2005-03-01,1,1,261,40.883
2005-03-02,1,1,262,40.645
2005-03-03,1,1,263,39.276
2005-03-04,1,1,264,40.499
2005-03-05,1,1,265,38.761
2005-03-06,1,1,266,41.214
2005-03-07,1,1,267,39.245
2005-03-08,1,1,268,38.323
2005-03-09,1,1,269,41.97
2005-03-10,1,1,270,42.359
2005-03-11,1,1,271,40.387
2005-03-12,1,1,272,40.296
2005-03-13,1,1,273,39.367
2005-03-14,1,1,274,39.634
2005-03-15,1,1,275,40.761
2005-03-16,1,1,276,39.145
2005-03-17,1,1,277,37.736
2005-03-18,1,1,278,36.774
2005-03-19,1,1,279,40.486
2005-03-20,1,1,280,40.934
2005-03-21,1,1,281,40.054
2005-03-22,1,1,282,39.455
2005-03-23,1,1,283,40.952
2005-03-24,1,1,284,41.49
2005-03-25,1,1,285,39.551
2005-03-26,1,1,286,40.714
2005-03-27,1,1,287,40.667
2005-03-28,1,1,288,38.682
2005-03-29,1,1,289,37.965
2005-03-30,1,1,290,37.025
2005-03-31,1,1,291,37.891
2005-04-01,1,1,292,39.368
2005-04-02,1,1,293,38.179
2005-04-03,1,1,294,39.922
2005-04-04,1,1,295,39.656
2005-04-05,1,1,296,38.72
2005-04-06,1,1,297,36.91
2005-04-07,1,1,298,41.174
2005-04-08,1,1,299,45.313
2005-04-09,1,1,300,36.091
2005-04-10,1,1,301,37.866
2005-04-11,1,1,302,36.976
2005-04-12,1,1,303,40.048
2005-04-13,1,1,304,40.492
2005-04-14,1,1,305,35.912
